image,width,height,pixels,filter,method,workers,repetitions,elapsed_ms,ms_per_run,matches_sequential,checksum
cat.png,151,227,34277,grayscale,sequential,,30,47.893,1.596,#t,2811064244
cat.png,151,227,34277,grayscale,recursive,,5,16.6,3.32,#t,2811064244
cat.png,151,227,34277,grayscale,parallel,1,30,43.643,1.455,#t,2811064244
cat.png,151,227,34277,grayscale,parallel,2,30,25.695,0.857,#t,2811064244
cat.png,151,227,34277,grayscale,parallel,4,30,17.087,0.57,#t,2811064244
cat.png,151,227,34277,grayscale,parallel,8,30,27.201,0.907,#t,2811064244
cat.png,151,227,34277,grayscale,parallel,16,30,19.694,0.656,#t,2811064244
cat.png,151,227,34277,sepia,sequential,,30,127.893,4.263,#t,781261655
cat.png,151,227,34277,sepia,recursive,,5,35.324,7.065,#t,781261655
cat.png,151,227,34277,sepia,parallel,1,30,140.655,4.689,#t,781261655
cat.png,151,227,34277,sepia,parallel,2,30,78.15,2.605,#t,781261655
cat.png,151,227,34277,sepia,parallel,4,30,50.306,1.677,#t,781261655
cat.png,151,227,34277,sepia,parallel,8,30,50.301,1.677,#t,781261655
cat.png,151,227,34277,sepia,parallel,16,30,61.841,2.061,#t,781261655
cat.png,151,227,34277,negative,sequential,,30,9.227,0.308,#t,1748633220
cat.png,151,227,34277,negative,recursive,,5,10.041,2.008,#t,1748633220
cat.png,151,227,34277,negative,parallel,1,30,10.062,0.335,#t,1748633220
cat.png,151,227,34277,negative,parallel,2,30,6.356,0.212,#t,1748633220
cat.png,151,227,34277,negative,parallel,4,30,4.35,0.145,#t,1748633220
cat.png,151,227,34277,negative,parallel,8,30,5.281,0.176,#t,1748633220
cat.png,151,227,34277,negative,parallel,16,30,40.243,1.341,#t,1748633220
cat.png,151,227,34277,edge,sequential,,30,134.971,4.499,#t,87849193
cat.png,151,227,34277,edge,recursive,,5,31.004,6.201,#t,87849193
cat.png,151,227,34277,edge,parallel,1,30,126.27,4.209,#t,87849193
cat.png,151,227,34277,edge,parallel,2,30,74.928,2.498,#t,87849193
cat.png,151,227,34277,edge,parallel,4,30,58.459,1.949,#t,87849193
cat.png,151,227,34277,edge,parallel,8,30,57.492,1.916,#t,87849193
cat.png,151,227,34277,edge,parallel,16,30,47.957,1.599,#t,87849193
cat.png,151,227,34277,gaussian,sequential,,30,109.414,3.647,#t,5640268
cat.png,151,227,34277,gaussian,recursive,,5,29.183,5.837,#t,5640268
cat.png,151,227,34277,gaussian,parallel,1,30,109.181,3.639,#t,5640268
cat.png,151,227,34277,gaussian,parallel,2,30,63.773,2.126,#t,5640268
cat.png,151,227,34277,gaussian,parallel,4,30,40.827,1.361,#t,5640268
cat.png,151,227,34277,gaussian,parallel,8,30,40.542,1.351,#t,5640268
cat.png,151,227,34277,gaussian,parallel,16,30,45.199,1.507,#t,5640268
cats2.png,1264,845,1068080,grayscale,sequential,,3,135.161,45.054,#t,1302033043
cats2.png,1264,845,1068080,grayscale,recursive,,1,284.946,284.946,#t,1302033043
cats2.png,1264,845,1068080,grayscale,parallel,1,3,140.661,46.887,#t,1302033043
cats2.png,1264,845,1068080,grayscale,parallel,2,3,82.685,27.562,#t,1302033043
cats2.png,1264,845,1068080,grayscale,parallel,4,3,53.297,17.766,#t,1302033043
cats2.png,1264,845,1068080,grayscale,parallel,8,3,63.874,21.291,#t,1302033043
cats2.png,1264,845,1068080,grayscale,parallel,16,3,65.681,21.894,#t,1302033043
cats2.png,1264,845,1068080,sepia,sequential,,3,403.074,134.358,#t,82522594
cats2.png,1264,845,1068080,sepia,recursive,,1,358.062,358.062,#t,82522594
cats2.png,1264,845,1068080,sepia,parallel,1,3,427.432,142.477,#t,82522594
cats2.png,1264,845,1068080,sepia,parallel,2,3,249.174,83.058,#t,82522594
cats2.png,1264,845,1068080,sepia,parallel,4,3,152.871,50.957,#t,82522594
cats2.png,1264,845,1068080,sepia,parallel,8,3,131.487,43.829,#t,82522594
cats2.png,1264,845,1068080,sepia,parallel,16,3,143.299,47.766,#t,82522594
cats2.png,1264,845,1068080,negative,sequential,,3,30.148,10.049,#t,1263160837
cats2.png,1264,845,1068080,negative,recursive,,1,219.336,219.336,#t,1263160837
cats2.png,1264,845,1068080,negative,parallel,1,3,34.018,11.339,#t,1263160837
cats2.png,1264,845,1068080,negative,parallel,2,3,20.037,6.679,#t,1263160837
cats2.png,1264,845,1068080,negative,parallel,4,3,15.65,5.217,#t,1263160837
cats2.png,1264,845,1068080,negative,parallel,8,3,12.084,4.028,#t,1263160837
cats2.png,1264,845,1068080,negative,parallel,16,3,10.626,3.542,#t,1263160837
cats2.png,1264,845,1068080,edge,sequential,,3,438.37,146.123,#t,1631436050
cats2.png,1264,845,1068080,edge,recursive,,1,266.779,266.779,#t,1631436050
cats2.png,1264,845,1068080,edge,parallel,1,3,410.882,136.961,#t,1631436050
cats2.png,1264,845,1068080,edge,parallel,2,3,245.372,81.791,#t,1631436050
cats2.png,1264,845,1068080,edge,parallel,4,3,155.536,51.845,#t,1631436050
cats2.png,1264,845,1068080,edge,parallel,8,3,134.969,44.99,#t,1631436050
cats2.png,1264,845,1068080,edge,parallel,16,3,136.61,45.537,#t,1631436050
cats2.png,1264,845,1068080,gaussian,sequential,,3,353.697,117.899,#t,1968910935
cats2.png,1264,845,1068080,gaussian,recursive,,1,249.877,249.877,#t,1968910935
cats2.png,1264,845,1068080,gaussian,parallel,1,3,350.549,116.85,#t,1968910935
cats2.png,1264,845,1068080,gaussian,parallel,2,3,207.351,69.117,#t,1968910935
cats2.png,1264,845,1068080,gaussian,parallel,4,3,131.04,43.68,#t,1968910935
cats2.png,1264,845,1068080,gaussian,parallel,8,3,117.776,39.259,#t,1968910935
cats2.png,1264,845,1068080,gaussian,parallel,16,3,119.431,39.81,#t,1968910935
new-york-large.jpg,4000,1421,5684000,grayscale,sequential,,1,243.382,243.382,#t,2365337240
new-york-large.jpg,4000,1421,5684000,grayscale,parallel,1,1,247.651,247.651,#t,2365337240
new-york-large.jpg,4000,1421,5684000,grayscale,parallel,2,1,145.532,145.532,#t,2365337240
new-york-large.jpg,4000,1421,5684000,grayscale,parallel,4,1,91.667,91.667,#t,2365337240
new-york-large.jpg,4000,1421,5684000,grayscale,parallel,8,1,81.652,81.652,#t,2365337240
new-york-large.jpg,4000,1421,5684000,grayscale,parallel,16,1,84.316,84.316,#t,2365337240
new-york-large.jpg,4000,1421,5684000,sepia,sequential,,1,709.395,709.395,#t,189467554
new-york-large.jpg,4000,1421,5684000,sepia,parallel,1,1,757.161,757.161,#t,189467554
new-york-large.jpg,4000,1421,5684000,sepia,parallel,2,1,478.003,478.003,#t,189467554
new-york-large.jpg,4000,1421,5684000,sepia,parallel,4,1,266.72,266.72,#t,189467554
new-york-large.jpg,4000,1421,5684000,sepia,parallel,8,1,231.243,231.243,#t,189467554
new-york-large.jpg,4000,1421,5684000,sepia,parallel,16,1,232.382,232.382,#t,189467554
new-york-large.jpg,4000,1421,5684000,negative,sequential,,1,54.893,54.893,#t,2009992810
new-york-large.jpg,4000,1421,5684000,negative,parallel,1,1,59.614,59.614,#t,2009992810
new-york-large.jpg,4000,1421,5684000,negative,parallel,2,1,34.851,34.851,#t,2009992810
new-york-large.jpg,4000,1421,5684000,negative,parallel,4,1,21.516,21.516,#t,2009992810
new-york-large.jpg,4000,1421,5684000,negative,parallel,8,1,18.511,18.511,#t,2009992810
new-york-large.jpg,4000,1421,5684000,negative,parallel,16,1,16.059,16.059,#t,2009992810
new-york-large.jpg,4000,1421,5684000,edge,sequential,,1,779.518,779.518,#t,229205354
new-york-large.jpg,4000,1421,5684000,edge,parallel,1,1,743.078,743.078,#t,229205354
new-york-large.jpg,4000,1421,5684000,edge,parallel,2,1,441.074,441.074,#t,229205354
new-york-large.jpg,4000,1421,5684000,edge,parallel,4,1,278.288,278.288,#t,229205354
new-york-large.jpg,4000,1421,5684000,edge,parallel,8,1,237.121,237.121,#t,229205354
new-york-large.jpg,4000,1421,5684000,edge,parallel,16,1,260.405,260.405,#t,229205354
new-york-large.jpg,4000,1421,5684000,gaussian,sequential,,1,628.55,628.55,#t,1709750760
new-york-large.jpg,4000,1421,5684000,gaussian,parallel,1,1,624.766,624.766,#t,1709750760
new-york-large.jpg,4000,1421,5684000,gaussian,parallel,2,1,363.584,363.584,#t,1709750760
new-york-large.jpg,4000,1421,5684000,gaussian,parallel,4,1,232.006,232.006,#t,1709750760
new-york-large.jpg,4000,1421,5684000,gaussian,parallel,8,1,200.999,200.999,#t,1709750760
new-york-large.jpg,4000,1421,5684000,gaussian,parallel,16,1,204.612,204.612,#t,1709750760
